{
  "n_samples_total": 37322,
  "n_classes": 50,
  "train_size": 22373,
  "test_size": 14949,
  "train_ratio": 0.6,
  "seed": 42,
  "use_cv": true,
  "selected_C": 0.01,
  "cv_best_accuracy": 0.9229875406757355,
  "test_accuracy": 0.9252123887885477,
  "classification_report": {
    "1": {
      "precision": 0.9219143576826196,
      "recall": 0.8735083532219571,
      "f1-score": 0.8970588235294118,
      "support": 419.0
    },
    "2": {
      "precision": 0.9554896142433235,
      "recall": 0.9442815249266863,
      "f1-score": 0.9498525073746312,
      "support": 341.0
    },
    "3": {
      "precision": 0.9065420560747663,
      "recall": 0.8290598290598291,
      "f1-score": 0.8660714285714286,
      "support": 117.0
    },
    "4": {
      "precision": 0.8235294117647058,
      "recall": 0.717948717948718,
      "f1-score": 0.7671232876712328,
      "support": 78.0
    },
    "5": {
      "precision": 0.9862385321100917,
      "recall": 0.9772727272727273,
      "f1-score": 0.9817351598173516,
      "support": 220.0
    },
    "6": {
      "precision": 0.888135593220339,
      "recall": 0.8762541806020067,
      "f1-score": 0.8821548821548821,
      "support": 299.0
    },
    "7": {
      "precision": 0.9265785609397944,
      "recall": 0.958966565349544,
      "f1-score": 0.9424943988050785,
      "support": 658.0
    },
    "8": {
      "precision": 0.8990147783251231,
      "recall": 0.8816425120772947,
      "f1-score": 0.8902439024390244,
      "support": 414.0
    },
    "9": {
      "precision": 0.5142857142857142,
      "recall": 0.5142857142857142,
      "f1-score": 0.5142857142857142,
      "support": 70.0
    },
    "10": {
      "precision": 0.8608247422680413,
      "recall": 0.835,
      "f1-score": 0.8477157360406091,
      "support": 200.0
    },
    "11": {
      "precision": 0.972972972972973,
      "recall": 0.9473684210526315,
      "f1-score": 0.96,
      "support": 76.0
    },
    "12": {
      "precision": 0.9696969696969697,
      "recall": 0.8,
      "f1-score": 0.8767123287671232,
      "support": 40.0
    },
    "13": {
      "precision": 0.9915254237288136,
      "recall": 1.0,
      "f1-score": 0.9957446808510638,
      "support": 351.0
    },
    "14": {
      "precision": 0.9214285714285714,
      "recall": 0.9416058394160584,
      "f1-score": 0.9314079422382672,
      "support": 274.0
    },
    "15": {
      "precision": 0.993006993006993,
      "recall": 0.9861111111111112,
      "f1-score": 0.9895470383275261,
      "support": 288.0
    },
    "16": {
      "precision": 0.8592057761732852,
      "recall": 0.8439716312056738,
      "f1-score": 0.851520572450805,
      "support": 282.0
    },
    "17": {
      "precision": 0.8363636363636363,
      "recall": 0.7863247863247863,
      "f1-score": 0.8105726872246696,
      "support": 117.0
    },
    "18": {
      "precision": 0.8241379310344827,
      "recall": 0.8415492957746479,
      "f1-score": 0.8327526132404182,
      "support": 284.0
    },
    "19": {
      "precision": 0.988009592326139,
      "recall": 0.9903846153846154,
      "f1-score": 0.9891956782713085,
      "support": 416.0
    },
    "20": {
      "precision": 0.968299711815562,
      "recall": 0.9627507163323782,
      "f1-score": 0.9655172413793104,
      "support": 349.0
    },
    "21": {
      "precision": 0.8758620689655172,
      "recall": 0.8698630136986302,
      "f1-score": 0.872852233676976,
      "support": 292.0
    },
    "22": {
      "precision": 0.9624060150375939,
      "recall": 0.9624060150375939,
      "f1-score": 0.9624060150375939,
      "support": 266.0
    },
    "23": {
      "precision": 0.9686956521739131,
      "recall": 0.9806338028169014,
      "f1-score": 0.9746281714785652,
      "support": 568.0
    },
    "24": {
      "precision": 0.940149625935162,
      "recall": 0.952020202020202,
      "f1-score": 0.946047678795483,
      "support": 396.0
    },
    "25": {
      "precision": 0.8369905956112853,
      "recall": 0.9143835616438356,
      "f1-score": 0.8739770867430442,
      "support": 292.0
    },
    "26": {
      "precision": 0.8610271903323263,
      "recall": 0.9134615384615384,
      "f1-score": 0.8864696734059098,
      "support": 312.0
    },
    "27": {
      "precision": 0.9595141700404858,
      "recall": 0.9875,
      "f1-score": 0.973305954825462,
      "support": 480.0
    },
    "28": {
      "precision": 0.9363957597173145,
      "recall": 0.9498207885304659,
      "f1-score": 0.9430604982206405,
      "support": 279.0
    },
    "29": {
      "precision": 0.9930555555555556,
      "recall": 0.9839449541284404,
      "f1-score": 0.988479262672811,
      "support": 436.0
    },
    "30": {
      "precision": 0.8980891719745223,
      "recall": 0.9155844155844156,
      "f1-score": 0.9067524115755627,
      "support": 154.0
    },
    "31": {
      "precision": 0.9979253112033195,
      "recall": 1.0,
      "f1-score": 0.9989615784008308,
      "support": 481.0
    },
    "32": {
      "precision": 0.9159663865546218,
      "recall": 0.923728813559322,
      "f1-score": 0.919831223628692,
      "support": 236.0
    },
    "33": {
      "precision": 0.8699551569506726,
      "recall": 0.8546255506607929,
      "f1-score": 0.8622222222222222,
      "support": 227.0
    },
    "34": {
      "precision": 0.6984126984126984,
      "recall": 0.7096774193548387,
      "f1-score": 0.704,
      "support": 124.0
    },
    "35": {
      "precision": 0.8415841584158416,
      "recall": 0.7798165137614679,
      "f1-score": 0.8095238095238095,
      "support": 109.0
    },
    "36": {
      "precision": 0.9063545150501672,
      "recall": 0.8914473684210527,
      "f1-score": 0.8988391376451078,
      "support": 304.0
    },
    "37": {
      "precision": 0.9291553133514986,
      "recall": 0.952513966480447,
      "f1-score": 0.9406896551724138,
      "support": 358.0
    },
    "38": {
      "precision": 0.9957446808510638,
      "recall": 1.0,
      "f1-score": 0.997867803837953,
      "support": 468.0
    },
    "39": {
      "precision": 0.9943019943019943,
      "recall": 0.9971428571428571,
      "f1-score": 0.9957203994293866,
      "support": 350.0
    },
    "40": {
      "precision": 0.8867256637168142,
      "recall": 0.9312267657992565,
      "f1-score": 0.9084315503173164,
      "support": 538.0
    },
    "41": {
      "precision": 0.9556451612903226,
      "recall": 0.9404761904761905,
      "f1-score": 0.948,
      "support": 252.0
    },
    "42": {
      "precision": 0.9187279151943463,
      "recall": 0.9090909090909091,
      "f1-score": 0.9138840070298769,
      "support": 286.0
    },
    "43": {
      "precision": 0.9852941176470589,
      "recall": 0.9852941176470589,
      "f1-score": 0.9852941176470589,
      "support": 408.0
    },
    "44": {
      "precision": 0.6296296296296297,
      "recall": 0.4594594594594595,
      "f1-score": 0.53125,
      "support": 74.0
    },
    "45": {
      "precision": 0.9827586206896551,
      "recall": 0.9827586206896551,
      "f1-score": 0.9827586206896551,
      "support": 348.0
    },
    "46": {
      "precision": 0.8926014319809069,
      "recall": 0.9077669902912622,
      "f1-score": 0.9001203369434416,
      "support": 412.0
    },
    "47": {
      "precision": 0.8375,
      "recall": 0.7790697674418605,
      "f1-score": 0.8072289156626506,
      "support": 86.0
    },
    "48": {
      "precision": 0.9095477386934674,
      "recall": 0.8829268292682927,
      "f1-score": 0.8960396039603961,
      "support": 205.0
    },
    "49": {
      "precision": 0.8688845401174168,
      "recall": 0.8283582089552238,
      "f1-score": 0.8481375358166189,
      "support": 536.0
    },
    "50": {
      "precision": 0.9226804123711341,
      "recall": 0.9445910290237467,
      "f1-score": 0.9335071707953064,
      "support": 379.0
    },
    "accuracy": 0.9252123887885477,
    "macro avg": {
      "precision": 0.903575643824565,
      "recall": 0.8919575242158418,